"QB","Aaron Rodgers",9700,"GB@SF 04:25PM ET",0
"QB","Drew Brees",9600,"Atl@NO 01:00PM ET",0
"QB","Matt Ryan",9500,"Atl@NO 01:00PM ET",0
"WR","Calvin Johnson",9400,"Min@Det 01:00PM ET",0
"QB","Tom Brady",9200,"NE@Buf 01:00PM ET",0
"QB","Matthew Stafford",9000,"Min@Det 01:00PM ET",0
"QB","Andrew Luck",8700,"Oak@Ind 01:00PM ET",0
"RB","Adrian Peterson",8700,"Min@Det 01:00PM ET",0
"QB","Colin Kaepernick",8700,"GB@SF 04:25PM ET",0
"RB","Jamaal Charles",8600,"KC@Jac 01:00PM ET",0
"QB","Robert Griffin III",8600,"Phi@Was 07:10PM ET",0
"QB","Tony Romo",8400,"NYG@Dal 08:30PM ET",0
"QB","Cam Newton",8400,"Sea@Car 01:00PM ET",0
"QB","Russell Wilson",8400,"Sea@Car 01:00PM ET",0
"RB","Arian Foster",8400,"Hou@SD 10:20PM ET",0
"RB","Doug Martin",8300,"TB@NYJ 01:00PM ET",0
"WR","Julio Jones",8200,"Atl@NO 01:00PM ET",0
"WR","A.J. Green",8200,"Cin@Chi 01:00PM ET",0
"WR","Dez Bryant",8200,"NYG@Dal 08:30PM ET",0
"WR","Roddy White",8100,"Atl@NO 01:00PM ET",0
"WR","Brandon Marshall",7800,"Cin@Chi 01:00PM ET",0
"RB","Trent Richardson",7500,"Mia@Cle 01:00PM ET",0
"WR","Andre Johnson",7500,"Hou@SD 10:20PM ET",0
"QB","Eli Manning",7400,"NYG@Dal 08:30PM ET",0
"RB","C.J. Spiller",7300,"NE@Buf 01:00PM ET",0
"RB","LeSean McCoy",7200,"Phi@Was 07:10PM ET",0
"RB","Steven Jackson",7200,"Atl@NO 01:00PM ET",0
"TE","Jimmy Graham",7200,"Atl@NO 01:00PM ET",0
"RB","Matt Forte",7100,"Cin@Chi 01:00PM ET",0
"WR","Victor Cruz",7000,"NYG@Dal 08:30PM ET",0
"RB","Marshawn Lynch",7000,"Sea@Car 01:00PM ET",0
"QB","Ben Roethlisberger",7000,"Ten@Pit 01:00PM ET",0
"QB","Michael Vick",7000,"Phi@Was 07:10PM ET",0
"WR","Larry Fitzgerald",7000,"Ari@StL 04:25PM ET",0
"QB","Philip Rivers",6900,"Hou@SD 10:20PM ET",0
"WR","Randall Cobb",6900,"GB@SF 04:25PM ET",0
"RB","Darren Sproles",6800,"Atl@NO 01:00PM ET",0
"WR","Reggie Wayne",6800,"Oak@Ind 01:00PM ET",0
"RB","Reggie Bush",6800,"Min@Det 01:00PM ET",0
"QB","Josh Freeman",6700,"TB@NYJ 01:00PM ET",0
"QB","Matt Schaub",6700,"Hou@SD 10:20PM ET",0
"QB","Carson Palmer",6600,"Ari@StL 04:25PM ET",0
"QB","Andy Dalton",6600,"Cin@Chi 01:00PM ET",0
"RB","Maurice Jones-Drew",6500,"KC@Jac 01:00PM ET",0
"WR","Marques Colston",6400,"Atl@NO 01:00PM ET",0
"WR","Dwayne Bowe",6400,"KC@Jac 01:00PM ET",0
"QB","Alex Smith (KC)",6400,"KC@Jac 01:00PM ET",0
"QB","Ryan Tannehill",6400,"Mia@Cle 01:00PM ET",0
"RB","Alfred Morris",6300,"Phi@Was 07:10PM ET",0
"TE","Rob Gronkowski",6300,"NE@Buf 01:00PM ET",0
"QB","Jay Cutler",6300,"Cin@Chi 01:00PM ET",0
"WR","Vincent Jackson",6300,"TB@NYJ 01:00PM ET",0
"RB","Stevan Ridley",6200,"NE@Buf 01:00PM ET",0
"WR","Mike Wallace",6200,"Mia@Cle 01:00PM ET",0
"WR","Danny Amendola",6200,"NE@Buf 01:00PM ET",0
"WR","Pierre Garcon",6100,"Phi@Was 07:10PM ET",0
"RB","DeMarco Murray",6100,"NYG@Dal 08:30PM ET",0
"RB","Darren McFadden",6100,"Oak@Ind 01:00PM ET",0
"WR","Stevie Johnson",6000,"NE@Buf 01:00PM ET",0
"WR","Antonio Brown",6000,"Ten@Pit 01:00PM ET",0
"QB","Sam Bradford",6000,"Ari@StL 04:25PM ET",0
"TE","Tony Gonzalez",6000,"Atl@NO 01:00PM ET",0
"RB","Chris Johnson",6000,"Ten@Pit 01:00PM ET",0
"TE","Jason Witten",6000,"NYG@Dal 08:30PM ET",0
"WR","Anquan Boldin",5900,"GB@SF 04:25PM ET",0
"WR","Hakeem Nicks",5800,"NYG@Dal 08:30PM ET",0
"WR","Jordy Nelson",5800,"GB@SF 04:25PM ET",0
"RB","David Wilson",5800,"NYG@Dal 08:30PM ET",0
"QB","Brandon Weeden",5800,"Mia@Cle 01:00PM ET",0
"RB","Lamar Miller",5800,"Mia@Cle 01:00PM ET",0
"WR","Cecil Shorts",5700,"KC@Jac 01:00PM ET",0
"WR","Tavon Austin",5600,"Ari@StL 04:25PM ET",0
"RB","Le'Veon Bell",5600,"Ten@Pit 01:00PM ET",0
"RB","Frank Gore",5600,"GB@SF 04:25PM ET",0
"QB","Jake Locker",5500,"Ten@Pit 01:00PM ET",0
"QB","Christian Ponder",5500,"Min@Det 01:00PM ET",0
"WR","Steve Smith (CAR)",5500,"Sea@Car 01:00PM ET",0
"WR","Miles Austin",5400,"NYG@Dal 08:30PM ET",0
"WR","T.Y. Hilton",5400,"Oak@Ind 01:00PM ET",0
"QB","Chad Henne",5300,"KC@Jac 01:00PM ET",0
"DST","Texans ",5300,"Hou@SD 10:20PM ET",0
"WR","James Jones",5300,"GB@SF 04:25PM ET",0
"QB","Blaine Gabbert",5300,"KC@Jac 01:00PM ET",0
"WR","DeSean Jackson",5300,"Phi@Was 07:10PM ET",0
"QB","Nick Foles",5300,"Phi@Was 07:10PM ET",0
"RB","Shane Vereen",5200,"NE@Buf 01:00PM ET",0
"QB","Geno Smith",5200,"TB@NYJ 01:00PM ET",0
"WR","Lance Moore",5200,"Atl@NO 01:00PM ET",0
"QB","EJ Manuel",5200,"NE@Buf 01:00PM ET",0
"QB","Kevin Kolb",5200,"NE@Buf 01:00PM ET",0
"WR","Greg Jennings",5200,"Min@Det 01:00PM ET",0
"QB","Mark Sanchez",5200,"TB@NYJ 01:00PM ET",0
"WR","Mike Williams (TB)",5100,"TB@NYJ 01:00PM ET",0
"QB","Matt Flynn",5100,"Oak@Ind 01:00PM ET",0
"QB","Dominique Davis",5000,"Atl@NO 01:00PM ET",0
"QB","Brian Hoyer",5000,"Mia@Cle 01:00PM ET",0
"QB","Tim Tebow",5000,"NE@Buf 01:00PM ET",0
"QB","Pat White",5000,"Phi@Was 07:10PM ET",0
"QB","Matt Moore",5000,"Mia@Cle 01:00PM ET",0
"WR","Denarius Moore",5000,"Oak@Ind 01:00PM ET",0
"QB","Curtis Painter",5000,"NYG@Dal 08:30PM ET",0
"QB","Graham Harrell",5000,"GB@SF 04:25PM ET",0
"QB","Chase Daniel",5000,"KC@Jac 01:00PM ET",0
"QB","Stephen McGee",5000,"Hou@SD 10:20PM ET",0
"QB","Tyler Thigpen",5000,"NE@Buf 01:00PM ET",0
"QB","Brady Quinn",5000,"Sea@Car 01:00PM ET",0
"QB","Drew Stanton",5000,"Ari@StL 04:25PM ET",0
"QB","Ryan Mallett",5000,"NE@Buf 01:00PM ET",0
"QB","John Parker Wilson",5000,"Ten@Pit 01:00PM ET",0
"QB","Mike Kafka",5000,"KC@Jac 01:00PM ET",0
"QB","Josh Johnson",5000,"Cin@Chi 01:00PM ET",0
"QB","John Skelton",5000,"Cin@Chi 01:00PM ET",0
"QB","Vince Young",5000,"GB@SF 04:25PM ET",0
"QB","T.J. Yates",5000,"Hou@SD 10:20PM ET",0
"QB","Luke McCown",5000,"Atl@NO 01:00PM ET",0
"QB","Tarvaris Jackson",5000,"Sea@Car 01:00PM ET",0
"QB","Matt Leinart",5000,"Oak@Ind 01:00PM ET",0
"QB","Matt Cassel",5000,"Min@Det 01:00PM ET",0
"QB","Charlie Whitehurst",5000,"Hou@SD 10:20PM ET",0
"QB","Kyle Orton",5000,"NYG@Dal 08:30PM ET",0
"QB","Bruce Gradkowski",5000,"Ten@Pit 01:00PM ET",0
"QB","Ryan Fitzpatrick",5000,"Ten@Pit 01:00PM ET",0
"QB","Derek Anderson",5000,"Sea@Car 01:00PM ET",0
"QB","Terrelle Pryor",5000,"Oak@Ind 01:00PM ET",0
"QB","Mike Glennon",5000,"TB@NYJ 01:00PM ET",0
"QB","Matt Hasselbeck",5000,"Oak@Ind 01:00PM ET",0
"QB","Matt Barkley",5000,"Phi@Was 07:10PM ET",0
"QB","Colt McCoy",5000,"GB@SF 04:25PM ET",0
"QB","Charlie Batch",5000,"Ten@Pit 01:00PM ET",0
"QB","David Carr",5000,"NYG@Dal 08:30PM ET",0
"QB","Ryan Nassib",5000,"NYG@Dal 08:30PM ET",0
"QB","Jason Campbell",5000,"Mia@Cle 01:00PM ET",0
"QB","Josh McCown",5000,"Cin@Chi 01:00PM ET",0
"QB","Tyler Wilson",5000,"Oak@Ind 01:00PM ET",0
"QB","Dan Orlovsky",5000,"TB@NYJ 01:00PM ET",0
"QB","Kirk Cousins",5000,"Phi@Was 07:10PM ET",0
"QB","Austin Davis",5000,"Ari@StL 04:25PM ET",0
"QB","Kellen Clemens",5000,"Ari@StL 04:25PM ET",0
"QB","Landry Jones",5000,"Ten@Pit 01:00PM ET",0
"QB","Dennis Dixon",5000,"Phi@Was 07:10PM ET",0
"QB","Shaun Hill",5000,"Min@Det 01:00PM ET",0
"WR","Kenny Britt",4900,"Ten@Pit 01:00PM ET",0
"RB","Ahmad Bradshaw",4900,"Oak@Ind 01:00PM ET",0
"DST","Rams ",4900,"Ari@StL 04:25PM ET",0
"DST","Bears ",4900,"Cin@Chi 01:00PM ET",0
"WR","Emmanuel Sanders",4800,"Ten@Pit 01:00PM ET",0
"TE","Vernon Davis",4700,"GB@SF 04:25PM ET",0
"DST","Seahawks ",4700,"Sea@Car 01:00PM ET",0
"DST","Patriots ",4700,"NE@Buf 01:00PM ET",0
"TE","Antonio Gates",4600,"Hou@SD 10:20PM ET",0
"WR","Brian Hartline",4600,"Mia@Cle 01:00PM ET",0
"RB","Rashard Mendenhall",4600,"Ari@StL 04:25PM ET",0
"RB","Chris Ivory",4600,"TB@NYJ 01:00PM ET",0
"WR","Kendall Wright",4500,"Ten@Pit 01:00PM ET",0
"DST","Cardinals ",4500,"Ari@StL 04:25PM ET",0
"TE","Kyle Rudolph",4500,"Min@Det 01:00PM ET",0
"DST","49ers ",4500,"GB@SF 04:25PM ET",0
"WR","Michael Floyd",4500,"Ari@StL 04:25PM ET",0
"TE","Greg Olsen",4500,"Sea@Car 01:00PM ET",0
"TE","Brandon Myers",4400,"NYG@Dal 08:30PM ET",0
"TE","Jermichael Finley",4400,"GB@SF 04:25PM ET",0
"RB","Ryan Mathews",4400,"Hou@SD 10:20PM ET",0
"WR","Santonio Holmes",4300,"TB@NYJ 01:00PM ET",0
"WR","Chris Givens",4300,"Ari@StL 04:25PM ET",0
"RB","Jonathan Stewart",4300,"Sea@Car 01:00PM ET",0
"WR","Greg Little",4300,"Mia@Cle 01:00PM ET",0
"WR","Sidney Rice",4200,"Sea@Car 01:00PM ET",0
"TE","Brent Celek",4200,"Phi@Was 07:10PM ET",0
"TE","Brandon Pettigrew",4200,"Min@Det 01:00PM ET",0
"DST","Redskins ",4200,"Phi@Was 07:10PM ET",0
"TE","Owen Daniels",4200,"Hou@SD 10:20PM ET",0
"TE","Martellus Bennett",4100,"Cin@Chi 01:00PM ET",0
"WR","Riley Cooper",4100,"Phi@Was 07:10PM ET",0
"WR","Jason Avant",4100,"Phi@Was 07:10PM ET",0
"RB","Andre Brown",4100,"NYG@Dal 08:30PM ET",0
"RB","Eddie Lacy",4100,"GB@SF 04:25PM ET",0
"DST","Bengals ",4000,"Cin@Chi 01:00PM ET",0
"DST","Browns ",4000,"Mia@Cle 01:00PM ET",0
"WR","Ryan Broyles",4000,"Min@Det 01:00PM ET",0
"RB","Pierre Thomas",4000,"Atl@NO 01:00PM ET",0
"WR","Rod Streater",4000,"Oak@Ind 01:00PM ET",0
"DST","Packers ",4000,"GB@SF 04:25PM ET",0
"WR","Golden Tate",3900,"Sea@Car 01:00PM ET",0
"RB","DeAngelo Williams",3900,"Sea@Car 01:00PM ET",0
"K","Blair Walsh",3900,"Min@Det 01:00PM ET",0
"WR","Rueben Randle",3900,"NYG@Dal 08:30PM ET",0
"WR","DeAndre Hopkins",3900,"Hou@SD 10:20PM ET",0
"RB","Giovani Bernard",3900,"Cin@Chi 01:00PM ET",0
"K","Stephen Gostkowski",3900,"NE@Buf 01:00PM ET",0
"RB","Jacquizz Rodgers",3800,"Atl@NO 01:00PM ET",0
"K","Matt Bryant",3800,"Atl@NO 01:00PM ET",0
"K","Phil Dawson",3800,"GB@SF 04:25PM ET",0
"TE","Jared Cook",3800,"Ari@StL 04:25PM ET",0
"DST","Giants ",3800,"NYG@Dal 08:30PM ET",0
"DST","Chargers ",3800,"Hou@SD 10:20PM ET",0
"DST","Saints ",3700,"Atl@NO 01:00PM ET",0
"DST","Vikings ",3700,"Min@Det 01:00PM ET",0
"TE","Jordan Cameron",3700,"Mia@Cle 01:00PM ET",0
"WR","Alshon Jeffery",3700,"Cin@Chi 01:00PM ET",0
"TE","Dwayne Allen",3700,"Oak@Ind 01:00PM ET",0
"TE","Zach Ertz",3700,"Phi@Was 07:10PM ET",0
"WR","Brandon LaFell",3700,"Sea@Car 01:00PM ET",0
"DST","Panthers ",3700,"Sea@Car 01:00PM ET",0
"RB","BenJarvus Green-Ellis",3600,"Cin@Chi 01:00PM ET",0
"TE","Marcedes Lewis",3600,"KC@Jac 01:00PM ET",0
"TE","Jermaine Gresham",3600,"Cin@Chi 01:00PM ET",0
"RB","Mark Ingram",3600,"Atl@NO 01:00PM ET",0
"WR","Andre Roberts",3600,"Ari@StL 04:25PM ET",0
"WR","Mohamed Sanu",3600,"Cin@Chi 01:00PM ET",0
"DST","Buccaneers ",3600,"TB@NYJ 01:00PM ET",0
"RB","Daryl Richardson",3500,"Ari@StL 04:25PM ET",0
"TE","Matt Spaeth",3500,"Ten@Pit 01:00PM ET",0
"TE","Kellen Winslow",3500,"TB@NYJ 01:00PM ET",0
"K","Adam Vinatieri",3500,"Oak@Ind 01:00PM ET",0
"WR","Malcom Floyd",3500,"Hou@SD 10:20PM ET",0
"RB","Danny Woodhead",3500,"Hou@SD 10:20PM ET",0
"TE","Heath Miller",3500,"Ten@Pit 01:00PM ET",0
"WR","Nate Burleson",3500,"Min@Det 01:00PM ET",0
"K","Josh Brown",3500,"NYG@Dal 08:30PM ET",0
"TE","Rob Housler",3500,"Ari@StL 04:25PM ET",0
"WR","Darrius Heyward-Bey",3500,"Oak@Ind 01:00PM ET",0
"TE","Tyler Eifert",3500,"Cin@Chi 01:00PM ET",0
"TE","Jeff Cumberland",3500,"TB@NYJ 01:00PM ET",0
"K","Steven Hauschka",3500,"Sea@Car 01:00PM ET",0
"RB","Justin Forsett",3400,"KC@Jac 01:00PM ET",0
"K","Dan Bailey",3400,"NYG@Dal 08:30PM ET",0
"DST","Falcons ",3400,"Atl@NO 01:00PM ET",0
"RB","Vick Ballard",3400,"Oak@Ind 01:00PM ET",0
"K","Randy Bullock",3400,"Hou@SD 10:20PM ET",0
"K","Kai Forbath",3400,"Phi@Was 07:10PM ET",0
"K","Alex Henery",3400,"Phi@Was 07:10PM ET",0
"WR","Robert Woods",3400,"NE@Buf 01:00PM ET",0
"K","Garrett Hartley",3400,"Atl@NO 01:00PM ET",0
"TE","Dustin Keller",3400,"Mia@Cle 01:00PM ET",0
"TE","Fred Davis",3400,"Phi@Was 07:10PM ET",0
"DST","Steelers ",3400,"Ten@Pit 01:00PM ET",0
"TE","Scott Chandler",3400,"NE@Buf 01:00PM ET",0
"K","Sebastian Janikowski",3400,"Oak@Ind 01:00PM ET",0
"K","David Akers",3300,"Min@Det 01:00PM ET",0
"RB","Zac Stacy",3300,"Ari@StL 04:25PM ET",0
"DST","Chiefs ",3300,"KC@Jac 01:00PM ET",0
"WR","Jeremy Kerley",3300,"TB@NYJ 01:00PM ET",0
"RB","Joseph Randle",3300,"NYG@Dal 08:30PM ET",0
"WR","Vincent Brown",3300,"Hou@SD 10:20PM ET",0
"WR","Stedman Bailey",3300,"Ari@StL 04:25PM ET",0
"WR","Andrew Hawkins",3300,"Cin@Chi 01:00PM ET",0
"WR","Aaron Dobson",3300,"NE@Buf 01:00PM ET",0
"RB","Bilal Powell",3300,"TB@NYJ 01:00PM ET",0
"TE","Sean McGrath",3300,"Sea@Car 01:00PM ET",0
"RB","Christine Michael",3300,"Sea@Car 01:00PM ET",0
"RB","Daniel Thomas",3300,"Mia@Cle 01:00PM ET",0
"K","Ryan Succop",3300,"KC@Jac 01:00PM ET",0
"TE","Travis Kelce",3300,"KC@Jac 01:00PM ET",0
"TE","Luke Stocker",3300,"TB@NYJ 01:00PM ET",0
"TE","Anthony Fasano",3300,"KC@Jac 01:00PM ET",0
"TE","Daniel Fells",3300,"NE@Buf 01:00PM ET",0
"RB","Michael Bush",3300,"Cin@Chi 01:00PM ET",0
"RB","LaMichael James",3300,"GB@SF 04:25PM ET",0
"RB","Fred Jackson",3300,"NE@Buf 01:00PM ET",0
"K","Greg Zuerlein",3200,"Ari@StL 04:25PM ET",0
"WR","Nate Washington",3200,"Ten@Pit 01:00PM ET",0
"TE","Delanie Walker",3200,"Ten@Pit 01:00PM ET",0
"DST","Colts ",3200,"Oak@Ind 01:00PM ET",0
"K","Mason Crosby",3200,"GB@SF 04:25PM ET",0
"RB","Bryce Brown",3200,"Phi@Was 07:10PM ET",0
"K","Jay Feely",3100,"Ari@StL 04:25PM ET",0
"K","Josh Scobee",3100,"KC@Jac 01:00PM ET",0
"RB","Mikel LeShoure",3100,"Min@Det 01:00PM ET",0
"RB","Johnathan Franklin",3100,"GB@SF 04:25PM ET",0
"WR","Stephen Hill",3100,"TB@NYJ 01:00PM ET",0
"WR","Donnie Avery",3100,"KC@Jac 01:00PM ET",0
"K","Robbie Gould",3100,"Cin@Chi 01:00PM ET",0
"WR","Davone Bess",3100,"Mia@Cle 01:00PM ET",0
"DST","Cowboys ",3100,"NYG@Dal 08:30PM ET",0
"K","Rob Bironas",3100,"Ten@Pit 01:00PM ET",0
"TE","Zach Miller (SEA)",3100,"Sea@Car 01:00PM ET",0
"K","Lawrence Tynes",3100,"TB@NYJ 01:00PM ET",0
"DST","Dolphins ",3100,"Mia@Cle 01:00PM ET",0
"TE","Coby Fleener",3100,"Oak@Ind 01:00PM ET",0
"RB","Shonn Greene",3100,"Ten@Pit 01:00PM ET",0
"K","Mike Nugent",3000,"Cin@Chi 01:00PM ET",0
"RB","Cedric Benson",3000,"GB@SF 04:25PM ET",0
"WR","Joshua Cribbs",3000,"Oak@Ind 01:00PM ET",0
"WR","Nick Toon",3000,"Atl@NO 01:00PM ET",0
"RB","Chris Polk",3000,"Phi@Was 07:10PM ET",0
"WR","Chris Harper",3000,"Sea@Car 01:00PM ET",0
"WR","Brad Smith",3000,"NE@Buf 01:00PM ET",0
"TE","Allen Reisner",3000,"KC@Jac 01:00PM ET",0
"TE","Jeff King",3000,"Ari@StL 04:25PM ET",0
"RB","Cyrus Gray",3000,"KC@Jac 01:00PM ET",0
"WR","Jeff Fuller",3000,"Mia@Cle 01:00PM ET",0
"WR","Juron Criner",3000,"Oak@Ind 01:00PM ET",0
"WR","Patrick Edwards",3000,"Min@Det 01:00PM ET",0
"WR","Danny Coale",3000,"NYG@Dal 08:30PM ET",0
"RB","Ryan Grant",3000,"GB@SF 04:25PM ET",0
"K","Caleb Sturgis",3000,"Mia@Cle 01:00PM ET",0
"RB","LeGarrette Blount",3000,"NE@Buf 01:00PM ET",0
"RB","Rhett Ellison",3000,"Min@Det 01:00PM ET",0
"WR","Courtney Roby",3000,"Atl@NO 01:00PM ET",0
"WR","Micheal Spurlock",3000,"Min@Det 01:00PM ET",0
"RB","Joe McKnight",3000,"TB@NYJ 01:00PM ET",0
"RB","Jonathan Grimes",3000,"KC@Jac 01:00PM ET",0
"WR","Donald Jones",3000,"NE@Buf 01:00PM ET",0
"WR","Marvin Jones",3000,"Cin@Chi 01:00PM ET",0
"RB","Bradie Ewing",3000,"Atl@NO 01:00PM ET",0
"RB","Andre Ellington",3000,"Ari@StL 04:25PM ET",0
"RB","Jamie Harper",3000,"Ten@Pit 01:00PM ET",0
"TE","Michael Egnew",3000,"Mia@Cle 01:00PM ET",0
"RB","Jeff Demps",3000,"TB@NYJ 01:00PM ET",0
"K","Nick Novak",3000,"Hou@SD 10:20PM ET",0
"WR","Griff Whalen",3000,"Oak@Ind 01:00PM ET",0
"TE","Mychal Rivera",3000,"Oak@Ind 01:00PM ET",0
"WR","Brice Butler",3000,"Oak@Ind 01:00PM ET",0
"WR","Marvin McNutt",3000,"Mia@Cle 01:00PM ET",0
"WR","Braylon Edwards",3000,"TB@NYJ 01:00PM ET",0
"RB","Kenjon Barner",3000,"Sea@Car 01:00PM ET",0
"WR","Roscoe Parrish",3000,"TB@NYJ 01:00PM ET",0
"TE","Tony Scheffler",3000,"Min@Det 01:00PM ET",0
"WR","Chris Owusu",3000,"TB@NYJ 01:00PM ET",0
"TE","Taylor Thompson",3000,"Ten@Pit 01:00PM ET",0
"WR","Terrance Williams",3000,"NYG@Dal 08:30PM ET",0
"WR","Cole Beasley",3000,"NYG@Dal 08:30PM ET",0
"TE","Charles Clay",3000,"Mia@Cle 01:00PM ET",0
"WR","Brandon Lloyd",3000,"NE@Buf 01:00PM ET",0
"RB","Will Johnson",3000,"Ten@Pit 01:00PM ET",0
"TE","Garrett Celek",3000,"GB@SF 04:25PM ET",0
"TE","Donald Lee",3000,"Cin@Chi 01:00PM ET",0
"WR","Brian Hernandez",3000,"Phi@Was 07:10PM ET",0
"RB","Evan Rodriguez",3000,"Mia@Cle 01:00PM ET",0
"RB","Deji Karim",3000,"Hou@SD 10:20PM ET",0
"WR","Kevin Elliott",3000,"NE@Buf 01:00PM ET",0
"RB","Robert Hughes",3000,"Oak@Ind 01:00PM ET",0
"WR","Kamar Aiken",3000,"NE@Buf 01:00PM ET",0
"WR","Kevin Walter",3000,"Ten@Pit 01:00PM ET",0
"WR","Nick Miller",3000,"Phi@Was 07:10PM ET",0
"WR","Aldrick Robinson",3000,"Phi@Was 07:10PM ET",0
"WR","Derek Hagan",3000,"TB@NYJ 01:00PM ET",0
"WR","Mike Brown",3000,"KC@Jac 01:00PM ET",0
"RB","Anthony Sherman",3000,"KC@Jac 01:00PM ET",0
"WR","Nathan Palmer",3000,"Oak@Ind 01:00PM ET",0
"RB","Travaris Cadet",3000,"Atl@NO 01:00PM ET",0
"K","Nick Folk",3000,"TB@NYJ 01:00PM ET",0
"RB","Robert Turbin",3000,"Sea@Car 01:00PM ET",0
"WR","Drew Davis",3000,"Atl@NO 01:00PM ET",0
"RB","Terrance Ganaway",3000,"Ari@StL 04:25PM ET",0
"TE","Dante Rosario",3000,"NYG@Dal 08:30PM ET",0
"TE","Craig Stevens",3000,"Ten@Pit 01:00PM ET",0
"RB","Bernard Scott",3000,"Cin@Chi 01:00PM ET",0
"RB","Owen Marecic",3000,"Mia@Cle 01:00PM ET",0
"TE","Zach Sudfeld",3000,"NE@Buf 01:00PM ET",0
"WR","Doug Baldwin",3000,"Sea@Car 01:00PM ET",0
"TE","James Hanna",3000,"NYG@Dal 08:30PM ET",0
"WR","Kevin Cone",3000,"Atl@NO 01:00PM ET",0
"TE","David Paulson",3000,"Ten@Pit 01:00PM ET",0
"WR","Kevin Dorsey",3000,"GB@SF 04:25PM ET",0
"TE","Weslye Saunders",3000,"Oak@Ind 01:00PM ET",0
"K","Billy Cundiff",3000,"TB@NYJ 01:00PM ET",0
"RB","Michael Robinson",3000,"Sea@Car 01:00PM ET",0
"TE","Niles Paul",3000,"Phi@Was 07:10PM ET",0
"RB","Roy Helu",3000,"Phi@Was 07:10PM ET",0
"WR","Jerrel Jernigan",3000,"NYG@Dal 08:30PM ET",0
"RB","Jeremy Stewart",3000,"Oak@Ind 01:00PM ET",0
"WR","Toney Clemons",3000,"KC@Jac 01:00PM ET",0
"TE","D.J. Williams",3000,"GB@SF 04:25PM ET",0
"WR","Ryan Whalen",3000,"Cin@Chi 01:00PM ET",0
"WR","Devon Wylie",3000,"KC@Jac 01:00PM ET",0
"TE","Alex Smith (CIN)",3000,"Cin@Chi 01:00PM ET",0
"RB","Chris Thompson",3000,"Phi@Was 07:10PM ET",0
"RB","Cierre Wood",3000,"Hou@SD 10:20PM ET",0
"RB","Joique Bell",3000,"Min@Det 01:00PM ET",0
"RB","Theo Riddick",3000,"Min@Det 01:00PM ET",0
"RB","William Powell",3000,"Phi@Was 07:10PM ET",0
"K","Dustin Hopkins",3000,"NE@Buf 01:00PM ET",0
"WR","Ricardo Lockette",3000,"GB@SF 04:25PM ET",0
"TE","Dion Sims",3000,"Mia@Cle 01:00PM ET",0
"RB","Ray Graham",3000,"Hou@SD 10:20PM ET",0
"WR","Cobi Hamilton",3000,"Cin@Chi 01:00PM ET",0
"WR","Ryan Swope",3000,"Ari@StL 04:25PM ET",0
"WR","Denard Robinson",3000,"KC@Jac 01:00PM ET",0
"RB","Edwin Baker",3000,"Hou@SD 10:20PM ET",0
"WR","Plaxico Burress",3000,"Ten@Pit 01:00PM ET",0
"WR","Marquise Goodwin",3000,"NE@Buf 01:00PM ET",0
"TE","Gavin Escobar",3000,"NYG@Dal 08:30PM ET",0
"TE","Nick Kasa",3000,"Oak@Ind 01:00PM ET",0
"RB","Stepfan Taylor",3000,"Ari@StL 04:25PM ET",0
"TE","Levine Toilolo",3000,"Atl@NO 01:00PM ET",0
"RB","Alex Green",3000,"GB@SF 04:25PM ET",0
"RB","Mike Gillislee",3000,"Mia@Cle 01:00PM ET",0
"TE","Jordan Reed",3000,"Phi@Was 07:10PM ET",0
"DST","Jaguars ",3000,"KC@Jac 01:00PM ET",0
"RB","Kerwynn Williams",3000,"Oak@Ind 01:00PM ET",0
"WR","Randy Moss",3000,"GB@SF 04:25PM ET",0
"K","Jason Hanson",3000,"Min@Det 01:00PM ET",0
"TE","Orson Charles",3000,"Cin@Chi 01:00PM ET",0
"WR","Stephen Burton",3000,"Min@Det 01:00PM ET",0
"WR","Clyde Gates",3000,"TB@NYJ 01:00PM ET",0
"WR","Andre Holmes",3000,"Oak@Ind 01:00PM ET",0
"WR","Keenan Allen",3000,"Hou@SD 10:20PM ET",0
"WR","Rishard Matthews",3000,"Mia@Cle 01:00PM ET",0
"DST","Lions ",3000,"Min@Det 01:00PM ET",0
"WR","Corey Fuller",3000,"Min@Det 01:00PM ET",0
"DST","Bills ",3000,"NE@Buf 01:00PM ET",0
"TE","Hayden Smith",3000,"TB@NYJ 01:00PM ET",0
"WR","Cordarrelle Patterson",3000,"Min@Det 01:00PM ET",0
"WR","Marquess Wilson",3000,"Cin@Chi 01:00PM ET",0
"WR","Michael Preston",3000,"Ten@Pit 01:00PM ET",0
"WR","Quinton Patton",3000,"GB@SF 04:25PM ET",0
"WR","Justin Brown",3000,"Ten@Pit 01:00PM ET",0
"RB","Armond Smith",3000,"Sea@Car 01:00PM ET",0
"RB","Spencer Ware",3000,"Sea@Car 01:00PM ET",0
"WR","Alan Bonner",3000,"Hou@SD 10:20PM ET",0
"DST","Eagles ",3000,"Phi@Was 07:10PM ET",0
"DST","Jets ",3000,"TB@NYJ 01:00PM ET",0
"WR","Justin Hunter",3000,"Ten@Pit 01:00PM ET",0
"WR","Kenbrell Thompkins",3000,"NE@Buf 01:00PM ET",0
"WR","Ace Sanders",3000,"KC@Jac 01:00PM ET",0
"DST","Titans ",3000,"Ten@Pit 01:00PM ET",0
"WR","Da'Rick Rogers",3000,"NE@Buf 01:00PM ET",0
"WR","Kenny Stills",3000,"Atl@NO 01:00PM ET",0
"DST","Raiders ",3000,"Oak@Ind 01:00PM ET",0
"WR","Michael Smith",3000,"Hou@SD 10:20PM ET",0
"TE","Ryan Griffin",3000,"Hou@SD 10:20PM ET",0
"RB","Ronnie Brown",3000,"Hou@SD 10:20PM ET",0
"WR","Travis Benjamin",3000,"Mia@Cle 01:00PM ET",0
"TE","D.C. Jefferson",3000,"Ari@StL 04:25PM ET",0
"RB","Jordan Todman",3000,"KC@Jac 01:00PM ET",0
"WR","Marcus Sales",3000,"Atl@NO 01:00PM ET",0
"WR","Greg Childs",3000,"Min@Det 01:00PM ET",0
"TE","Chris Gragg",3000,"NE@Buf 01:00PM ET",0
"RB","Dennis Johnson",3000,"Hou@SD 10:20PM ET",0
"TE","Brad Smelley",3000,"Mia@Cle 01:00PM ET",0
"TE","Michael Williams",3000,"Min@Det 01:00PM ET",0
"WR","Joe Adams",3000,"Sea@Car 01:00PM ET",0
"WR","Greg Camarillo",3000,"Atl@NO 01:00PM ET",0
"RB","Michael Cox",3000,"NYG@Dal 08:30PM ET",0
"WR","Brandon Banks",3000,"Phi@Was 07:10PM ET",0
"WR","T.J. Graham",3000,"NE@Buf 01:00PM ET",0
"RB","Ryan Williams",3000,"Ari@StL 04:25PM ET",0
"WR","Tobais Palmer",3000,"KC@Jac 01:00PM ET",0
"RB","Nate Eachus",3000,"KC@Jac 01:00PM ET",0
"WR","DeVier Posey",3000,"Hou@SD 10:20PM ET",0
"WR","Jarrett Boykin",3000,"GB@SF 04:25PM ET",0
"WR","LaRon Byrd",3000,"Ari@StL 04:25PM ET",0
"WR","Keshawn Martin",3000,"Hou@SD 10:20PM ET",0
"TE","MarQueis Gray",3000,"GB@SF 04:25PM ET",0
"K","Shaun Suisham",3000,"Ten@Pit 01:00PM ET",0
"TE","Randy McMichael",3000,"Hou@SD 10:20PM ET",0
"WR","Santana Moss",3000,"Phi@Was 07:10PM ET",0
"RB","Dion Lewis",3000,"Mia@Cle 01:00PM ET",0
"WR","Josh Boyce",3000,"NE@Buf 01:00PM ET",0
"RB","Dominique Whaley",3000,"Sea@Car 01:00PM ET",0
"K","Giorgio Tavecchio",3000,"GB@SF 04:25PM ET",0
"TE","Todd Heap",3000,"Ari@StL 04:25PM ET",0
"TE","Vance McDonald",3000,"GB@SF 04:25PM ET",0
"WR","Markus Wheaton",3000,"Ten@Pit 01:00PM ET",0
"RB","Rex Burkhead",3000,"Cin@Chi 01:00PM ET",0
"WR","Conner Vernon",3000,"Oak@Ind 01:00PM ET",0
"RB","Knile Davis",3000,"KC@Jac 01:00PM ET",0
"RB","Mike James",3000,"TB@NYJ 01:00PM ET",0
"RB","Tommy Bohanon",3000,"TB@NYJ 01:00PM ET",0
"TE","Ryan Otten",3000,"KC@Jac 01:00PM ET",0
"TE","Luke Willson",3000,"Sea@Car 01:00PM ET",0
"WR","Damaris Johnson",3000,"Phi@Was 07:10PM ET",0
"WR","Jarius Wright",3000,"Min@Det 01:00PM ET",0
"RB","Brandon Bolden",3000,"NE@Buf 01:00PM ET",0
"WR","Deion Branch",3000,"NE@Buf 01:00PM ET",0
"RB","Latavius Murray",3000,"Oak@Ind 01:00PM ET",0
"K","Shayne Graham",3000,"Mia@Cle 01:00PM ET",0
"TE","Joseph Fauria",3000,"Min@Det 01:00PM ET",0
"RB","Moran Norris",3000,"Hou@SD 10:20PM ET",0
"WR","Donte' Stallworth",3000,"Phi@Was 07:10PM ET",0
"TE","Ladarius Green",3000,"Hou@SD 10:20PM ET",0
"RB","Lance Dunbar",3000,"NYG@Dal 08:30PM ET",0
"TE","Evan Moore",3000,"Phi@Was 07:10PM ET",0
"WR","Brian Robiskie",3000,"Min@Det 01:00PM ET",0
"RB","Donald Brown",3000,"Oak@Ind 01:00PM ET",0
"WR","Roberto Wallace",3000,"Ten@Pit 01:00PM ET",0
"RB","Antone Smith",3000,"Atl@NO 01:00PM ET",0
"WR","Michael Jenkins",3000,"NE@Buf 01:00PM ET",0
"WR","Lee Evans",3000,"KC@Jac 01:00PM ET",0
"TE","Zach Miller (TB)",3000,"TB@NYJ 01:00PM ET",0
"TE","Chase Coffman",3000,"Atl@NO 01:00PM ET",0
"WR","Sammie Stroughter",3000,"TB@NYJ 01:00PM ET",0
"TE","Logan Paulsen",3000,"Phi@Was 07:10PM ET",0
"WR","Brandon Gibson",3000,"Mia@Cle 01:00PM ET",0
"WR","Earl Bennett",3000,"Cin@Chi 01:00PM ET",0
"RB","Brit Miller",3000,"Ari@StL 04:25PM ET",0
"K","Graham Gano",3000,"Sea@Car 01:00PM ET",0
"TE","Clay Harbor",3000,"Phi@Was 07:10PM ET",0
"RB","Josh Vaughan",3000,"Atl@NO 01:00PM ET",0
"WR","Devery Henderson",3000,"Phi@Was 07:10PM ET",0
"WR","Ramses Barden",3000,"NYG@Dal 08:30PM ET",0
"TE","Mike Caussin",3000,"NE@Buf 01:00PM ET",0
"RB","Darrel Young",3000,"Phi@Was 07:10PM ET",0
"TE","Benjamin Watson",3000,"Atl@NO 01:00PM ET",0
"WR","David Gettis",3000,"Sea@Car 01:00PM ET",0
"TE","Fendi Onobun",3000,"Cin@Chi 01:00PM ET",0
"WR","Joe Webb",3000,"Min@Det 01:00PM ET",0
"WR","Louis Murphy",3000,"NYG@Dal 08:30PM ET",0
"WR","David Nelson",3000,"Mia@Cle 01:00PM ET",0
"RB","LaRod Stephens-Howling",3000,"Ten@Pit 01:00PM ET",0
"RB","Javon Ringer",3000,"Ten@Pit 01:00PM ET",0
"RB","Harvey Unga",3000,"Cin@Chi 01:00PM ET",0
"TE","Brody Eldridge",3000,"Cin@Chi 01:00PM ET",0
"WR","Eric Weems",3000,"Cin@Chi 01:00PM ET",0
"WR","Kassim Osgood",3000,"GB@SF 04:25PM ET",0
"WR","Tim Toone",3000,"Atl@NO 01:00PM ET",0
"TE","Richie Brockel",3000,"Sea@Car 01:00PM ET",0
"WR","Kevin Ogletree",3000,"TB@NYJ 01:00PM ET",0
"RB","Stanley Havili",3000,"Oak@Ind 01:00PM ET",0
"WR","Harry Douglas",3000,"Atl@NO 01:00PM ET",0
"TE","Nate Byham",3000,"TB@NYJ 01:00PM ET",0
"TE","John Carlson",3000,"Min@Det 01:00PM ET",0
"RB","Reagan Maui'a",3000,"Ari@StL 04:25PM ET",0
"TE","David Ausberry",3000,"Oak@Ind 01:00PM ET",0
"RB","John Conner",3000,"Cin@Chi 01:00PM ET",0
"WR","Quan Cosby",3000,"KC@Jac 01:00PM ET",0
"RB","Jorvorskie Lane",3000,"Mia@Cle 01:00PM ET",0
"TE","Travis Beckum",3000,"NYG@Dal 08:30PM ET",0
"WR","Chad Hall",3000,"GB@SF 04:25PM ET",0
"RB","Leonard Weaver",3000,"Phi@Was 07:10PM ET",0
"WR","Matthew Slater",3000,"NE@Buf 01:00PM ET",0
"TE","Garrett Graham",3000,"Hou@SD 10:20PM ET",0
"WR","Juaquin Iglesias",3000,"Hou@SD 10:20PM ET",0
"WR","Jordan Norwood",3000,"Mia@Cle 01:00PM ET",0
"WR","Mario Manningham",3000,"GB@SF 04:25PM ET",0
"TE","Andrew DePaola",3000,"TB@NYJ 01:00PM ET",0
"WR","Tiquan Underwood",3000,"TB@NYJ 01:00PM ET",0
"RB","Montario Hardesty",3000,"Mia@Cle 01:00PM ET",0
"RB","Jalen Parmele",3000,"Ten@Pit 01:00PM ET",0
"TE","Tom Crabtree",3000,"TB@NYJ 01:00PM ET",0
"RB","Brock Bolen",3000,"Mia@Cle 01:00PM ET",0
"RB","Mike Cox",3000,"Atl@NO 01:00PM ET",0
"TE","Bear Pascoe",3000,"NYG@Dal 08:30PM ET",0
"TE","Kevin Brock",3000,"KC@Jac 01:00PM ET",0
"RB","Peyton Hillis",3000,"TB@NYJ 01:00PM ET",0
"RB","Chris Ogbonnaya",3000,"Mia@Cle 01:00PM ET",0
"WR","Jordan Shipley",3000,"KC@Jac 01:00PM ET",0
"WR","Jerome Simpson",3000,"Min@Det 01:00PM ET",0
"WR","Austin Collie",3000,"GB@SF 04:25PM ET",0
"WR","Ted Ginn Jr.",3000,"Sea@Car 01:00PM ET",0
"RB","Cedric Peerman",3000,"Cin@Chi 01:00PM ET",0
"WR","Lavelle Hawkins",3000,"GB@SF 04:25PM ET",0
"RB","Tim Hightower",3000,"Phi@Was 07:10PM ET",0
"RB","Chris Pressley",3000,"Cin@Chi 01:00PM ET",0
"TE","Kellen Davis",3000,"Mia@Cle 01:00PM ET",0
"RB","Tristan Davis",3000,"Phi@Was 07:10PM ET",0
"TE","Kory Sperry",3000,"Ari@StL 04:25PM ET",0
"RB","Darius Reynaud",3000,"Ten@Pit 01:00PM ET",0
"WR","Anthony Armstrong",3000,"NYG@Dal 08:30PM ET",0
"RB","Corey McIntyre",3000,"NE@Buf 01:00PM ET",0
"WR","Early Doucet",3000,"Sea@Car 01:00PM ET",0
"RB","Quinn Johnson",3000,"Ten@Pit 01:00PM ET",0
"RB","Jerome Felton",3000,"Min@Det 01:00PM ET",0
"WR","Terrance Copper",3000,"KC@Jac 01:00PM ET",0
"RB","Marcus Thigpen",3000,"Mia@Cle 01:00PM ET",0
"RB","Mike Tolbert",3000,"Sea@Car 01:00PM ET",0
"RB","John Kuhn",3000,"GB@SF 04:25PM ET",0
"TE","Ben Hartsock",3000,"Sea@Car 01:00PM ET",0
"WR","DeMarco Sampson",3000,"NE@Buf 01:00PM ET",0
"WR","Mardy Gilyard",3000,"KC@Jac 01:00PM ET",0
"RB","Owen Schmitt",3000,"Oak@Ind 01:00PM ET",0
"TE","Chris Cooley",3000,"Phi@Was 07:10PM ET",0
"WR","Marlon Moore",3000,"GB@SF 04:25PM ET",0
"RB","Greg Jones",3000,"Hou@SD 10:20PM ET",0
"WR","Brandon Tate",3000,"Cin@Chi 01:00PM ET",0
"TE","David Johnson",3000,"Ten@Pit 01:00PM ET",0
"WR","Chastin West",3000,"Min@Det 01:00PM ET",0
"RB","Eddie Williams",3000,"Mia@Cle 01:00PM ET",0
"RB","James Starks",3000,"GB@SF 04:25PM ET",0
"WR","Deon Butler",3000,"Hou@SD 10:20PM ET",0
"WR","Josh Morgan",3000,"Phi@Was 07:10PM ET",0
"RB","Michael Turner",3000,"Atl@NO 01:00PM ET",0
"RB","Isaac Redman",3000,"Ten@Pit 01:00PM ET",0
"WR","Eddie Royal",3000,"Hou@SD 10:20PM ET",0
"RB","Brandon Jackson",3000,"Mia@Cle 01:00PM ET",0
"RB","Rashad Jennings",3000,"Oak@Ind 01:00PM ET",0
"RB","Tony Fiammetta",3000,"Cin@Chi 01:00PM ET",0
"RB","Mewelde Moore",3000,"Oak@Ind 01:00PM ET",0
"WR","Jerricho Cotchery",3000,"Ten@Pit 01:00PM ET",0
"TE","Tony Moeaki",3000,"KC@Jac 01:00PM ET",0
"RB","Jed Collins",3000,"Atl@NO 01:00PM ET",0
"TE","Gary Barnidge",3000,"Mia@Cle 01:00PM ET",0
"RB","Will Ta'ufo'ou",3000,"KC@Jac 01:00PM ET",0
"TE","Andrew Quarless",3000,"GB@SF 04:25PM ET",0
"TE","Colin Cochart",3000,"NYG@Dal 08:30PM ET",0
"RB","Armando Allen",3000,"Cin@Chi 01:00PM ET",0
"WR","Devin Hester",3000,"Cin@Chi 01:00PM ET",0
"RB","Ryan D'Imperio",3000,"NYG@Dal 08:30PM ET",0
"RB","Brian Leonard",3000,"TB@NYJ 01:00PM ET",0
"TE","Zack Pianalto",3000,"Sea@Car 01:00PM ET",0
"TE","Dan Gronkowski",3000,"Mia@Cle 01:00PM ET",0
"RB","Jason Snelling",3000,"Atl@NO 01:00PM ET",0
"WR","Steve Breaston",3000,"Atl@NO 01:00PM ET",0
"TE","Brett Brackett",3000,"KC@Jac 01:00PM ET",0
"RB","Evan Royster",3000,"Phi@Was 07:10PM ET",0
"TE","Aaron Hernandez",3000,"NE@Buf 01:00PM ET",0
"WR","Taylor Price",3000,"KC@Jac 01:00PM ET",0
"WR","Damian Williams",3000,"Ten@Pit 01:00PM ET",0
"TE","Lee Smith",3000,"NE@Buf 01:00PM ET",0
"TE","Steve Maneri",3000,"Cin@Chi 01:00PM ET",0
"WR","Armanti Edwards",3000,"Sea@Car 01:00PM ET",0
"RB","Mike Goodson",3000,"TB@NYJ 01:00PM ET",0
"TE","Maurice Stovall",3000,"KC@Jac 01:00PM ET",0
"WR","Dexter McCluster",3000,"KC@Jac 01:00PM ET",0
"RB","Manase Tonga",3000,"Oak@Ind 01:00PM ET",0
"RB","Da'Rel Scott",3000,"NYG@Dal 08:30PM ET",0
"TE","Leonard Pope",3000,"Cin@Chi 01:00PM ET",0
"WR","Julian Edelman",3000,"NE@Buf 01:00PM ET",0
"WR","Kris Adams",3000,"NYG@Dal 08:30PM ET",0
"TE","Konrad Reuland",3000,"TB@NYJ 01:00PM ET",0
"WR","Dezmon Briscoe",3000,"Phi@Was 07:10PM ET",0
"RB","Kendall Hunter",3000,"GB@SF 04:25PM ET",0
"RB","Lawrence Vickers",3000,"NYG@Dal 08:30PM ET",0
"RB","Daniel Herron",3000,"Cin@Chi 01:00PM ET",0
"RB","John Griffin",3000,"TB@NYJ 01:00PM ET",0
"RB","Chris Rainey",3000,"Ten@Pit 01:00PM ET",0
"WR","Josh Cooper",3000,"Mia@Cle 01:00PM ET",0
"WR","Dane Sanzenbacher",3000,"Cin@Chi 01:00PM ET",0
"WR","Leonard Hankerson",3000,"Phi@Was 07:10PM ET",0
"RB","Jonathan Dwyer",3000,"Ten@Pit 01:00PM ET",0
"TE","Isaiah Stanback",3000,"KC@Jac 01:00PM ET",0
"RB","Henry Hynoski",3000,"NYG@Dal 08:30PM ET",0
"WR","Steve Smith (TB)",3000,"TB@NYJ 01:00PM ET",0
"WR","Mike Williams (SEA)",3000,"Sea@Car 01:00PM ET",0
"WR","Brian Quick",3000,"Ari@StL 04:25PM ET",0
"WR","Kealoha Pilares",3000,"Sea@Car 01:00PM ET",0
"WR","Chansi Stuckey",3000,"Ari@StL 04:25PM ET",0
"TE","David Thomas",3000,"Atl@NO 01:00PM ET",0
"RB","Leon Washington",3000,"NE@Buf 01:00PM ET",0
"WR","Carlton Mitchell",3000,"TB@NYJ 01:00PM ET",0
"WR","Marcus Easley",3000,"NE@Buf 01:00PM ET",0
"WR","Austin Pettis",3000,"Ari@StL 04:25PM ET",0
"RB","Matt Asiata",3000,"Min@Det 01:00PM ET",0
"WR","Charles Johnson",3000,"GB@SF 04:25PM ET",0
"RB","DuJuan Harris",3000,"GB@SF 04:25PM ET",0
"TE","James Casey",3000,"Phi@Was 07:10PM ET",0
"TE","Adrien Robinson",3000,"NYG@Dal 08:30PM ET",0
"RB","Tashard Choice",3000,"NE@Buf 01:00PM ET",0
"WR","Preston Parker",3000,"Atl@NO 01:00PM ET",0
"RB","Beanie Wells",3000,"Ari@StL 04:25PM ET",0
"WR","Greg Salas",3000,"Phi@Was 07:10PM ET",0
"TE","Richard Gordon",3000,"Oak@Ind 01:00PM ET",0
"RB","Chris Gronkowski",3000,"Hou@SD 10:20PM ET",0
"RB","Tyler Clutts",3000,"Hou@SD 10:20PM ET",0
"WR","Jacoby Ford",3000,"Oak@Ind 01:00PM ET",0
"WR","Dwayne Harris",3000,"NYG@Dal 08:30PM ET",0
"WR","Jordan White",3000,"TB@NYJ 01:00PM ET",0
"RB","Bruce Miller",3000,"GB@SF 04:25PM ET",0
"WR","Laurent Robinson",3000,"KC@Jac 01:00PM ET",0
"WR","Robert Meachem",3000,"Hou@SD 10:20PM ET",0
"RB","Marcel Reece",3000,"Oak@Ind 01:00PM ET",0
"TE","Ryan Taylor",3000,"GB@SF 04:25PM ET",0
"TE","Jim Dray",3000,"Ari@StL 04:25PM ET",0
"RB","Erik Lorig",3000,"TB@NYJ 01:00PM ET",0
"RB","Ben Tate",3000,"Hou@SD 10:20PM ET",0
"WR","Dorin Dickerson",3000,"NE@Buf 01:00PM ET",0
"RB","Ryan Torain",3000,"NYG@Dal 08:30PM ET",0
"WR","Kyle Williams",3000,"GB@SF 04:25PM ET",0
"WR","Kris Durham",3000,"Min@Det 01:00PM ET",0
"TE","John Phillips",3000,"Hou@SD 10:20PM ET",0
"RB","Shaun Draughn",3000,"KC@Jac 01:00PM ET",0
"WR","Chaz Schilens",3000,"Min@Det 01:00PM ET",0
"RB","Lex Hilliard",3000,"TB@NYJ 01:00PM ET",0
"RB","Keiland Williams",3000,"Phi@Was 07:10PM ET",0
"WR","David Ball",3000,"Phi@Was 07:10PM ET",0
"WR","Jamar Newsome",3000,"KC@Jac 01:00PM ET",0
"RB","Shaun Chapas",3000,"Min@Det 01:00PM ET",0
"TE","Kyle Adams",3000,"Cin@Chi 01:00PM ET",0
"RB","Montell Owens",3000,"Min@Det 01:00PM ET",0
"TE","Jake Ballard",3000,"NE@Buf 01:00PM ET",0
"TE","Tommy Gallarda",3000,"Atl@NO 01:00PM ET",0
"RB","Toby Gerhart",3000,"Min@Det 01:00PM ET",0
"TE","Mike McNeill",3000,"Ari@StL 04:25PM ET",0
"WR","Ben Obomanu",3000,"TB@NYJ 01:00PM ET",0
"TE","Michael Hoomanawanui",3000,"NE@Buf 01:00PM ET",0
"WR","Devin Aromashodu",3000,"Cin@Chi 01:00PM ET",0
"RB","Thomas Clayton",3000,"Ari@StL 04:25PM ET",0
"RB","Jackie Battle",3000,"Ten@Pit 01:00PM ET",0
"WR","Domenik Hixon",3000,"Sea@Car 01:00PM ET",0
"RB","Anthony Dixon",3000,"GB@SF 04:25PM ET",0
"RB","D.J. Ware",3000,"TB@NYJ 01:00PM ET",0
"TE","Matthew Mulligan",3000,"GB@SF 04:25PM ET",0
"WR","Marc Mariani",3000,"Ten@Pit 01:00PM ET",0
"RB","Phillip Tanner",3000,"NYG@Dal 08:30PM ET",0
"RB","Baron Batch",3000,"Ten@Pit 01:00PM ET",0
"RB","Le'Ron McClain",3000,"Hou@SD 10:20PM ET",0
"TE","Mickey Shuler",3000,"Ari@StL 04:25PM ET",0
"WR","Lestar Jean",3000,"Hou@SD 10:20PM ET",0
"WR","Terrence Austin",3000,"Min@Det 01:00PM ET",0
"TE","Lance Kendricks",3000,"Ari@StL 04:25PM ET",0
"RB","Brandon Jacobs",3000,"GB@SF 04:25PM ET",0
"RB","Stefan Logan",3000,"Min@Det 01:00PM ET",0
"TE","Kevin Boss",3000,"KC@Jac 01:00PM ET",0
